{"cameraMode":{"drawMode":0,"name":"Shaded","section":"Shading Mode"},"sceneLighting":false,"audioPlay":false,"sceneViewState":{"showFog":true,"showMaterialUpdate":false,"showSkybox":true,"showFlares":true,"showImageEffects":true,"showParticleSystems":true},"in2DMode":false,"pivot":{"x":0.8465811014175415,"y":0.9798232316970825,"z":1.307464838027954},"rotation":{"x":-0.1495717465877533,"y":-0.3653483986854553,"z":0.05959957465529442,"w":-0.916840672492981},"size":3.243321418762207,"orthographic":false}