{"cameraMode":{"drawMode":0,"name":"Shaded","section":"Shading Mode"},"sceneLighting":false,"audioPlay":false,"sceneViewState":{"showFog":true,"showMaterialUpdate":false,"showSkybox":true,"showFlares":true,"showImageEffects":true,"showParticleSystems":true},"in2DMode":false,"pivot":{"x":2.700000047683716,"y":0.9900000095367432,"z":-2.069999933242798},"rotation":{"x":-0.08899273723363877,"y":-0.892575204372406,"z":0.20203591883182527,"w":-0.39315560460090639},"size":0.2219080775976181,"orthographic":false}