{"cameraMode":{"drawMode":0,"name":"Shaded","section":"Shading Mode"},"sceneLighting":false,"audioPlay":false,"sceneViewState":{"showFog":true,"showMaterialUpdate":false,"showSkybox":true,"showFlares":true,"showImageEffects":true,"showParticleSystems":true},"in2DMode":false,"pivot":{"x":0.49900001287460329,"y":0.8500000238418579,"z":-1.2039999961853028},"rotation":{"x":0.06897865980863571,"y":-0.9107170104980469,"z":0.16969595849514008,"w":0.3701888620853424},"size":0.29946941137313845,"orthographic":false}