{"cameraMode":{"drawMode":0,"name":"Shaded","section":"Shading Mode"},"sceneLighting":false,"audioPlay":false,"sceneViewState":{"showFog":true,"showMaterialUpdate":false,"showSkybox":true,"showFlares":true,"showImageEffects":true,"showParticleSystems":true},"in2DMode":false,"pivot":{"x":2.2025279998779299,"y":1.6605331897735596,"z":0.9090377688407898},"rotation":{"x":-0.19988003373146058,"y":0.5371614098548889,"z":-0.13276010751724244,"w":-0.8086287379264832},"size":3.243321418762207,"orthographic":false}