{"cameraMode":{"drawMode":0,"name":"Shaded","section":"Shading Mode"},"sceneLighting":false,"audioPlay":false,"sceneViewState":{"showFog":true,"showMaterialUpdate":false,"showSkybox":true,"showFlares":true,"showImageEffects":true,"showParticleSystems":true},"in2DMode":false,"pivot":{"x":-4.577899932861328,"y":0.5224180221557617,"z":-1.209478497505188},"rotation":{"x":-0.3578336238861084,"y":0.06282652169466019,"z":-0.02412312477827072,"w":-0.9313571453094482},"size":2.2444210052490236,"orthographic":false}